Workshop,SamplingID,A_conc,B_conc,C_conc,D_conc,E_conc,F_conc,G_conc,H_conc,Filter_conc,A_ratio,B_ratio,C_ratio,D_ratio,E_ratio,F_ratio,G_ratio,H_ratio,Filter_ratio,nuclides,compounds,activity_fractions,nuclide_abundances
Conversion,Sampling1,1.29,1.03,1.62,0.77,0.198,0.099,0.090,0.033,0.249,7.0,6.9,6.9,6.9,6.2,6.5,6.5,6.3,6.8,"U_238;U_235","UO2;UO3","0.70;0.30","U_238:0.85|U_235:0.15;U_238:0.85|U_235:0.15"
Conversion,Sampling2,0.132,0.28,0.159,0.076,0.019,0.026,0.013,0.005,0.151,5.9,6.6,6.5,5.7,5.9,6.1,6.4,5.2,5.7,"U_238;U_235","UO2;U3O8","0.65;0.35","U_238:0.85|U_235:0.15;U_238:0.85|U_235:0.15"
Conversion,Sampling3,0.192,0.159,0.160,0.099,0.037,0.024,0.015,0.009,0.052,5.9,6.2,6.3,6.3,6.4,6.9,6.2,5.8,5.7,"U_238;U_239","UO2;UO3","0.60;0.40","U_238:0.90|U_239:0.10;U_238:0.90|U_239:0.10"
Conversion,Sampling4,0.46,0.64,0.75,0.46,0.155,0.078,0.042,0.029,0.147,6.7,6.5,6.3,6.3,5.8,6.4,5.9,6.0,6.2,"U_238;U_235","U3O8;UO2","0.55;0.45","U_238:0.85|U_235:0.15;U_238:0.85|U_235:0.15"
Conversion,Sampling5,1.17,0.99,0.59,0.32,0.107,0.047,0.027,0.018,0.118,6.7,6.3,5.6,4.8,3.4,3.5,4.6,3.7,5.3,"U_238;U_235","UO2;UO3","0.75;0.25","U_238:0.85|U_235:0.15;U_238:0.85|U_235:0.15"
Conversion,Sampling6,0.380,0.520,0.710,0.430,0.145,0.062,0.038,0.021,0.091,6.1,6.3,6.5,6.2,5.9,6.0,5.7,5.8,6.0,"U_238","UF6","1.00","U_238:1.00"
Conversion,Sampling7,0.210,0.355,0.480,0.310,0.095,0.047,0.028,0.015,0.073,5.8,6.1,6.3,5.9,5.6,5.8,5.5,5.4,5.7,"U_238;U_235","UO3;UO2","0.80;0.20","U_238:0.85|U_235:0.15;U_238:0.85|U_235:0.15"
PowderPrep,Sampling1,0.57,1.11,1.42,1.05,0.47,0.34,0.128,0.117,0.145,6.6,6.5,6.7,6.2,5.3,3.6,3.3,4.1,5.6,"U_238;U_235","U3O8;UO2","0.80;0.20","U_238:0.85|U_235:0.15;U_238:0.85|U_235:0.15"
PowderPrep,Sampling2,0.76,0.65,1.81,1.41,0.91,0.99,0.233,0.111,0.56,5.6,5.6,5.6,5.7,5.6,5.5,5.4,5.5,5.7,"U_238;U_235","U3O8;UO3","0.72;0.28","U_238:0.85|U_235:0.15;U_238:0.85|U_235:0.15"
PowderPrep,Sampling3,0.35,0.77,1.05,0.78,0.38,0.221,0.107,0.089,0.147,5.3,5.4,5.5,5.5,5.9,5.6,5.7,5.6,5.7,"U_238;U_239","UO2;U3O8","0.68;0.32","U_238:0.90|U_239:0.10;U_238:0.90|U_239:0.10"
PowderPrep,Sampling4,2.25,2.52,4.5,4.3,9.4,9.8,1.11,0.36,0.35,6.5,6.3,6.6,6.8,6.9,7.1,7.0,7.1,6.3,"U_238;U_235","U3O8;UO2","0.85;0.15","U_238:0.85|U_235:0.15;U_238:0.85|U_235:0.15"
PowderPrep,Sampling5,1.34,0.92,1.87,1.18,0.53,0.42,0.202,0.126,0.29,6.6,6.2,6.7,6.6,7.0,6.7,6.4,6.9,6.5,"U_238;U_235","UO2;UO3","0.60;0.40","U_238:0.85|U_235:0.15;U_238:0.85|U_235:0.15"
PowderPrep,Sampling6,0.18,0.32,0.49,0.37,0.16,0.11,0.055,0.042,0.088,6.0,6.1,6.4,6.2,6.0,5.8,5.7,5.9,6.1,"U_238","UF6","1.00","U_238:1.00"
Pelletizing,Sampling1,0.020,0.022,0.029,0.021,0.009,0.005,0.0022,0.0020,0.008,6.1,5.9,6.2,5.9,5.8,5.5,5.6,6.1,6.2,"U_238;U_235","UO2;U3O8","0.78;0.22","U_238:0.85|U_235:0.15;U_238:0.85|U_235:0.15"
Pelletizing,Sampling2,0.138,0.247,0.281,0.175,0.081,0.062,0.041,0.018,0.113,5.8,6.1,6.4,5.8,6.0,6.0,6.5,6.0,6.2,"U_238;U_235","UO2;UO3","0.65;0.35","U_238:0.85|U_235:0.15;U_238:0.85|U_235:0.15"
Pelletizing,Sampling3,0.130,0.113,0.157,0.116,0.067,0.048,0.028,0.013,0.021,3.9,4.1,3.9,4.1,4.2,4.2,4.5,4.8,4.6,"U_238;U_239","U3O8;UO2","0.55;0.45","U_238:0.90|U_239:0.10;U_238:0.90|U_239:0.10"
Pelletizing,Sampling4,0.243,0.210,0.282,0.19,0.078,0.038,0.021,0.013,0.049,6.4,6.2,6.1,6.9,6.0,6.4,5.8,5.7,6.8,"U_238;U_235","UO2;U3O8","0.70;0.30","U_238:0.85|U_235:0.15;U_238:0.85|U_235:0.15"
Pelletizing,Sampling5,0.090,0.184,0.31,0.214,0.084,0.062,0.042,0.017,0.116,7.1,7.1,7.0,7.1,7.2,7.2,7.4,6.9,6.9,"U_238;U_235","UO2;UO3","0.75;0.25","U_238:0.85|U_235:0.15;U_238:0.85|U_235:0.15"
PuLab,Sampling1,0.0085,0.0122,0.0178,0.0143,0.0062,0.0041,0.0018,0.0011,0.0036,5.8,6.2,6.5,6.1,5.9,5.7,5.5,5.6,5.8,"Pu_239","PuO2","1.00","Pu_239:1.00"
PuLab,Sampling2,0.0210,0.0380,0.0540,0.0390,0.0145,0.0092,0.0048,0.0029,0.0087,6.3,6.5,6.7,6.4,6.1,5.9,5.8,5.7,6.0,"Pu_239;Pu_238","PuO2;MOX","0.90;0.10","Pu_239:0.95|Pu_241:0.05;Pu_238:0.95|Pu_239:0.05"
PuLab,Sampling3,0.0045,0.0068,0.0095,0.0075,0.0033,0.0021,0.0010,0.00068,0.0018,5.5,5.8,6.1,5.7,5.5,5.3,5.2,5.3,5.6,"Pu_239","Pu_nitrate","1.00","Pu_239:1.00"
PuLab,Sampling4,0.0320,0.0550,0.0780,0.0560,0.0205,0.0140,0.0068,0.0041,0.0132,6.6,6.8,7.0,6.7,6.4,6.2,6.1,6.0,6.3,"Pu_239;Pu_238","PuO2;Pu_nitrate","0.75;0.25","Pu_239:1.00;Pu_238:1.00"
HTritium,Sampling1,0.0,0.0,0.0,0.0,0.0,0.0,0.0,0.0,12.50,0.0,0.0,0.0,0.0,0.0,0.0,0.0,0.0,100.0,"H_3","HTO","1.00","H_3:1.00"
HTritium,Sampling2,0.0,0.0,0.0,0.0,0.0,0.0,0.0,0.0,8.30,0.0,0.0,0.0,0.0,0.0,0.0,0.0,0.0,100.0,"H_3","HTO","1.00","H_3:1.00"
HTritium,Sampling3,0.0,0.0,0.0,0.0,0.0,0.0,0.0,0.0,22.80,0.0,0.0,0.0,0.0,0.0,0.0,0.0,0.0,100.0,"H_3","HT","1.00","H_3:1.00"
HTritium,Sampling4,0.0,0.0,0.0,0.0,0.0,0.0,0.0,0.0,5.60,0.0,0.0,0.0,0.0,0.0,0.0,0.0,0.0,100.0,"H_3","OBT","1.00","H_3:1.00"
